path,component,version,license,confidence,evidence,spdx,source
fc-test-support/performance-testing/user-files/lib/bcpkix-jdk15on-1.70.jar,Bouncy Castle PKIX,1.70,Bouncy Castle License (MIT-style),confirmed,"manifest confirms vendor/version; SHA-256 of vendored jar matches Maven Central org.bouncycastle:bcpkix-jdk15on:1.70 byte-for-byte; POM <licenses> names ""Bouncy Castle Licence"", whose text at bouncycastle.org/licence.html is the MIT license verbatim",MIT,Maven Central: org.bouncycastle:bcpkix-jdk15on:1.70
fc-test-support/performance-testing/user-files/lib/bcprov-jdk18on-1.71.jar,Bouncy Castle Provider,1.71,Bouncy Castle License (MIT-style),confirmed,"manifest confirms vendor/version; SHA-256 of vendored jar matches Maven Central org.bouncycastle:bcprov-jdk18on:1.71 byte-for-byte; POM <licenses> names ""Bouncy Castle Licence"", whose text at bouncycastle.org/licence.html is the MIT license verbatim",MIT,Maven Central: org.bouncycastle:bcprov-jdk18on:1.71
fc-test-support/performance-testing/user-files/lib/jakarta.json-2.0.0.jar,Jakarta JSON Processing (Default Provider),2.0.0,EPL-2.0 (+ secondary GPL-2.0-with-classpath-exception),confirmed,embedded META-INF/LICENSE.md and MANIFEST.MF Bundle-License field,EPL-2.0 OR GPL-2.0-only WITH Classpath-exception-2.0,Maven Central: org.glassfish:jakarta.json:2.0.0
fc-test-support/performance-testing/user-files/lib/jsonld-common-java-1.0.0.jar,decentralized-identity jsonld-common-java,1.0.0,Apache-2.0,confirmed,no licence in manifest or published POM; GitHub LICENSE at tag 1.0.0 (decentralized-identity/jsonld-common-java) states Apache-2.0; not published to Maven Central,Apache-2.0,https://github.com/decentralized-identity/jsonld-common-java/releases/tag/1.0.0
fc-test-support/performance-testing/user-files/lib/key-formats-java-1.5.0.jar,danubetech key-formats-java,1.5.0,Apache-2.0,confirmed,no licence in manifest or published POM; GitHub LICENSE at tag 1.5.0 (danubetech/key-formats-java) states Apache-2.0; not published to Maven Central,Apache-2.0,https://github.com/danubetech/key-formats-java/releases/tag/1.5.0
fc-test-support/performance-testing/user-files/lib/ld-signatures-java-1.0.0.jar,WebOfTrustInfo ld-signatures-java,1.0.0,Apache-2.0,confirmed,no licence in manifest or published POM; GitHub LICENSE at tag 1.0.0 (WebOfTrustInfo/ld-signatures-java) states Apache-2.0; not published to Maven Central,Apache-2.0,https://github.com/WebOfTrustInfo/ld-signatures-java/releases/tag/1.0.0
fc-test-support/performance-testing/user-files/lib/nimbus-jose-jwt-9.9.jar,Connect2id Nimbus JOSE+JWT,9.9,Apache-2.0,confirmed,MANIFEST.MF Bundle-License: apache.org/licenses/LICENSE-2.0.txt,Apache-2.0,Maven Central: com.nimbusds:nimbus-jose-jwt:9.9
fc-test-support/performance-testing/user-files/lib/rdf-urdna-1.1.jar,setl rdf-urdna,1.1,Apache-2.0,confirmed,"SHA-256 of vendored jar matches Maven Central io.setl:rdf-urdna:1.1 byte-for-byte (verified 2026-09-03); published POM <licenses> states Apache License, Version 2.0",Apache-2.0,Maven Central: io.setl:rdf-urdna:1.1
fc-test-support/performance-testing/user-files/lib/titanium-json-ld-1.3.1.jar,Titanium JSON-LD,1.3.1,Apache-2.0,confirmed,published POM <licenses> block (com.apicatalog:titanium-json-ld:1.3.1) states Apache-2.0,Apache-2.0,Maven Central: com.apicatalog:titanium-json-ld:1.3.1
fc-test-support/performance-testing/user-files/lib/verifiable-credentials-java-1.0.0.jar,danubetech verifiable-credentials-java,1.0.0,Apache-2.0,confirmed,no licence in manifest or published POM; GitHub LICENSE at tag 1.0.0 (danubetech/verifiable-credentials-java) states Apache-2.0; not published to Maven Central,Apache-2.0,https://github.com/danubetech/verifiable-credentials-java/releases/tag/1.0.0
fc-demo-portal/src/main/resources/static/css/lib/styles.css,Start Bootstrap Simple Sidebar,6.0.5,MIT,confirmed,in-file header comment; file is modified — first-party CSS appended,MIT,https://github.com/StartBootstrap/startbootstrap-simple-sidebar/releases/tag/v6.0.5
fc-demo-portal/src/main/resources/static/css/lib/styles.css,Bootstrap,5.1.3,MIT,confirmed,second in-file header comment in the same file,MIT,https://github.com/twbs/bootstrap/releases/tag/v5.1.3
fc-demo-portal/src/main/resources/static/css/lib/bootstrap-icons.min.css,Bootstrap Icons,1.11.3,MIT,confirmed,in-file header comment,MIT,https://github.com/twbs/icons/releases/tag/v1.11.3
fc-demo-portal/src/main/resources/static/css/lib/dataTables.min.css,DataTables,2.3.7,MIT (datatables.net/license),partial,no banner in this file; version/licence inferred from paired dataTables.min.js,MIT,https://github.com/DataTables/DataTables/releases/tag/2.3.7
fc-demo-portal/src/main/resources/static/css/lib/fonts/bootstrap-icons.woff,Bootstrap Icons,1.11.3,MIT,partial,grouped with bootstrap-icons.min.css; binary font carries no licence text,MIT,https://github.com/twbs/icons/releases/tag/v1.11.3
fc-demo-portal/src/main/resources/static/css/lib/fonts/bootstrap-icons.woff2,Bootstrap Icons,1.11.3,MIT,partial,grouped with bootstrap-icons.min.css; binary font carries no licence text,MIT,https://github.com/twbs/icons/releases/tag/v1.11.3
fc-demo-portal/src/main/resources/static/js/lib/bootstrap.bundle.min.js,Bootstrap (bundle incl. Popper),5.3.8,MIT,confirmed,in-file header comment,MIT,https://github.com/twbs/bootstrap/releases/tag/v5.3.8
fc-demo-portal/src/main/resources/static/js/lib/dataTables.min.js,DataTables,2.3.7,MIT (datatables.net/license),confirmed,"in-file banner ""/*! DataTables 2.3.7""; links to licence page rather than stating MIT verbatim",MIT,https://github.com/DataTables/DataTables/releases/tag/2.3.7
fc-demo-portal/src/main/resources/static/js/lib/jquery.min.js,jQuery,3.7.1,MIT (jquery.org/license),confirmed,in-file banner confirms version; links to licence page rather than stating MIT verbatim,MIT,https://github.com/jquery/jquery/releases/tag/3.7.1
fc-demo-portal/src/main/resources/static/images/details_open.png,DataTables default theme icon,2.3.7,MIT (datatables.net/license) - inferred,unknown,binary image carries no licence text; filename matches DataTables theme set,MIT,https://github.com/DataTables/DataTables/releases/tag/2.3.7 — inferred (theme image not independently confirmed to originate from this release; no bundled attribution)
fc-demo-portal/src/main/resources/static/images/details_close.png,DataTables default theme icon,2.3.7,MIT (datatables.net/license) - inferred,unknown,binary image carries no licence text; filename matches DataTables theme set,MIT,https://github.com/DataTables/DataTables/releases/tag/2.3.7 — inferred (theme image not independently confirmed to originate from this release; no bundled attribution)
fc-service-server/src/main/resources/static/css/bootstrap.min.css,Bootstrap,5.2.3,MIT,confirmed,in-file header comment,MIT,https://github.com/twbs/bootstrap/releases/tag/v5.2.3
fc-service-server/src/main/resources/static/css/jquery-ui.min.css,jQuery UI,1.13.2,MIT,confirmed,in-file header: Copyright jQuery Foundation and other contributors; Licensed MIT,MIT,https://github.com/jquery/jquery-ui/releases/tag/1.13.2
fc-service-server/src/main/resources/static/js/jquery-3.6.3.min.js,jQuery,3.6.3,MIT (jquery.org/license),confirmed,in-file banner confirms version; links to licence page rather than stating MIT verbatim,MIT,https://github.com/jquery/jquery/releases/tag/3.6.3
fc-service-server/src/main/resources/static/js/jquery-ui.min.js,jQuery UI,1.13.2,MIT,confirmed,in-file header: Copyright jQuery Foundation and other contributors; Licensed MIT,MIT,https://github.com/jquery/jquery-ui/releases/tag/1.13.2
